Player Name,IFPA,MPID
Aaron Anderson,,
Aaron Bannavong,78651,15443
Aaron Bendickson,7073,1278
Aaron Bronow,,
Aaron Brown,,
Aaron Christensen,,
Aaron Donny-Clark,35499,
Aaron Erisman,,
Aaron Garberding,9383,748
Aaron Key,,
Aaron Ling,,
Aaron McAbee,8645,
Aaron Miller WA,57414,
Aaron Rev,87908,
Aaron Shervin,58392,12839
Abdullah Syed,42482,11716
Adam Aly,,
Adam Chesbrough,7987,
Adam Jenkins USA,12764,634
Adam Livengood,110935,33035
Adam Saunders,,
Adam Smith,50572,
Adam Sturm,34760,8977
Aden Draakkai,,
Adria Mavis,,
Adrianne Grondahl,,
Age Diaz,20060,
AJ Norris,104396,33066
AJ Schofield,115616,18025
Alan Wiley,28877,10457
Alan Woodyard,50324,
Albert Hailey,,
Alec Rodenhauser,144424,45388
Alek Lu,,
Alex Baker,76990,
Alex Bellinghausen,47074,7378
Alex Garcia,83179,
Alex Hart,,
Alex Hawley,60355,8738
Alex Miel,71215,
Alex PK,,
Alex Rice,68537,9738
Alex Sarles,74925,13791
Alex Singleterry,24660,9268
Alex Skinner,6835,12491
Alex Tada,14383,1778
Alex Wilson WA,,
Alex Wynn,126404,
Alexa Perry,73428,12937
Alexa Philbeck,22985,776
Alexander Corbin,89129,21752
Alexander Simchuk,67237,13368
Alexander Young,39409,23737
Alexandre Davis,39556,10293
Alexis Chura,90526,21138
Algird Lisaius,48639,2857
Alicia Seftel,60168,
Alisha Maligon,,
Allen Wood,45162,6278
Allie Bailey,141530,
Allison McClure,51260,3594
Ally Christofferson,54262,
Altwin Hawksford,23901,7961
Alyson Ruby Rae,17194,19436
Alyssa Hutton,86314,20987
Amanda Drey,64894,
Amanda Futrell,73171,
Amanda Humphries,101233,
Amanda Kotchon,20535,1860
Amanda Lanning,,
Amber Cecil,72786,
Amber Marie Simon,22330,
Amber Pepin-Turbide,30014,2996
Amber Roy,71533,11002
Amberle Houston,32147,
Ameillya Jean,99285,27112
Amrik Ohbi,83020,
Amy Frame,,42397
Amy McCormack,,
Amy Richards,,
Andre Needham,8266,
Andrea Mas,34942,
Andrea Peterson,55951,5933
Andrew Bolt,,
Andrew Cole WA,11470,9242
Andrew Evans,68961,
Andrew Furdell,135770,44891
Andrew Hopper,79788,12548
Andrew Jamieson,50082,5611
Andrew Kauffman,,
Andrew Meuser,123017,
Andrew Nunes,1651,33282
Andrew Stauffer,107583,30748
Andria Keirn,,
Andy Bernard,110350,30880
Andy Burton,611,2042
Andy Cobb,13955,15396
Andy Evans,63399,
Andy Glass,57448,5572
Andy Hatch,11546,
Andy Schafer,118426,
Andy Shook,115104,
Andy Wylie,,
Andy Yarritu,52791,6175
Andyroo Callan,92665,15145
Angie Parker,80644,30770
Angus Macmillan,102105,
Anisa Thomas,,
Anna Cartella,,
Anne Swanson,33538,
Anthony Ciampi,,
Anthony Giles,67671,9024
Anthony Gragnani,57263,12528
Anthony McCammant,45876,3428
Anthony Oneal,97082,40333
Anthony Welters,39458,
Antonio Borbon,56229,
April Mazur,80839,24114
Ari Golding,21897,
Ari Stinson,42077,
Ariel Bedolla,94551,24436
Arlen Simon,,
Armand Go,104208,28734
Arthur Alvarez,49668,
Ash Landers,56115,9350
Ashley Negron,52423,
Ashley Shoenberger,,
Ashley Weaver,49083,3787
Ashton Wright,,
Astri Niederkorn,115223,40199
Atomic Sita,41609,18154
Atticus George-Andrijeski,97307,
Atticus Wiman,,
Audrey Fleck,107802,32705
Audrey Hare,72657,
Audrey Rodes,,
Austin Arlitt,10919,3058
Austin Craig,,
Austin Hutchins,91959,22922
Autumn King,43582,
Ava Parker,75071,
Avery Gonzales,,
Banjo Mike,71943,
Barry Kornegay,50330,
Beck Keller,49511,22690
Becky Swafford,30083,567
Ben Burland,,
Ben Flaster,,
Ben Fodor,89391,28825
Ben Ford,,
Ben Futrell,78044,
Ben Knight,,
Ben Phair,,
Ben Pownall,24886,13593
Ben Schubert,117455,25212
Ben Simmons,92246,23268
Beni Rose,,
Benjamin Lutz,,
Benny Phanichkul,112496,26096
Beth Petrick,,
Bethany Brakemeyer,26408,
Bianca Coleman,57423,
Bill Bailey,50779,13967
Bill Lohse,,
Bill Meier,,
Bill Nary,,
Bill Volckening,67765,9486
Billy Clark,119270,
Billy Conwell,83181,
Billy Musselman,77805,19957
Bin Djinn,,
Bird Arzoumanian,83523,15569
Biz Dingiean,,
Blake Butler,,
Blake Larimer,,
Blake Mitchell,21615,1903
Bo Dacious,85167,
Bo Delicious,77672,15410
Bo Kellogg,12961,6310
Bob Lambert,23688,
Bob Lyman,103992,29008
Bob Rosingana,11013,
Bob Rowlands,44387,
Bobby Boden,80175,17213
Bobby Conover,6160,1551
Bolt Stuart,,
Brad Crowden,35776,
Brad Hayden,3317,4550
Bradford Orand,61115,
Brady Beck,,
Brandon Keller,68403,
Brandon Lorenz,90710,22511
Brandon Pietenpol,110351,32145
Brandon Quinn,,
Brandy Shea,69069,11195
Brayden Porter,,
Bre Lloyd,45880,2653
Brea Hiramoto,,
Breanna Felix,62399,7410
Brendan Campbell,123702,40596
Brendan Niebruegge,90597,22422
Brenna Bechtold,44966,14505
Brennan Smith,,
Brent Longenecker,,
Brenton Ash,42335,
Brett Wolfe,31731,
Brian Baskoff,98800,
Brian Bower,44246,6362
Brian Chesbrough,6142,3217
Brian Fist,,
Brian Geiszler,36801,
Brian Headley,3304,
Brian Hegstad,67236,
Brian Hyder,38462,2219
Brian Kirk WA,20139,
Brian Meaker,,
Brian O'Neill WA,,
Brian Reinhard,122052,38834
Brian Shepard,,
Brian Sookram,36176,32269
Brian Welliver,86317,21753
Brian Young,,
Brianne Hunt,31245,1781
Bridgette Thimsen,45885,3427
Brieana White,31953,15579
Brit Payne,,
Brittany Gillia,60357,
Brittany Grant,,
Brittany Semrow,37207,
Brodi Bacchus,59639,3350
Brodie Somers,,
Brooke Borcherding,31625,9337
Brooke Crisp,41198,
Brooke Felix,84836,
Brooke Lukens,23533,
Bryan Eastman,44230,3104
Bryan Hernandez,90132,40382
Bryan Littlefield,44278,
Bryan Mills,,
Bryan Norkus,111239,
Bryn Bomar,37159,
Bubbles Shaiman,51261,10941
Bud Lipke,113928,
Buzz Johnson,25524,
Caden Mho,98885,24927
Caitlin Murray,,
Caleb Trujillo,59838,12769
Calin Badea,103075,
Cameron Austgen,20057,9512
Cameron Dean,,
Cameron Fraser,,
Cameron Jiles,109018,
Cameron Maples,64860,17943
Cameron Pizzo,,
Camille Funk,108710,
Camille Laframboise,112000,26800
Cammila Koch,,
Campbell Hancock,87354,20675
Candace Fields,52422,7423
Candice McGinnis,76185,
Canyon Mosely,85191,37860
Cara Ottmar,,
Carissa Overstreet,83399,
Carl Davis,58241,
Carrie Harjo,105033,
Carrie May,49430,7065
Carrie Wilson,63062,7337
Carter Gyasi,,
Casey Benton,68118,17404
Casey Ellis,,
Casey Garcia,94654,
Casey Jones,44388,3650
Casey Keeler,,
Casey Nolan,40844,
Cassandra Dymock,37721,
Cassidy Kirkland,,
Cassie Medici,75151,21283
Cat Alexander,96295,25327
Cat Morris,62470,
Catharine Robinweller,83778,
Cathy Gilbert,,
Catrina Wold,142622,
Cayle George,615,6692
Celeste Corvus,107808,
Chad Adams WA,80751,14291
Challisa Parisi,17630,
Chandler Sapp,,
Charles Olson,44707,14166
Charlie Burg,88610,21436
Charlie Savage,,
Chase Culver,,
Chase Engdall,114260,35299
Chase Martin,26267,28335
Chase Tommy,,
Chaynee Young,83097,20026
Chaz Simmons,98911,
Chelsea Gabzdyl,,
Chelsea Rakonza,43771,25371
Chelsey Oedewaldt,27507,
Chelsie Hulka,27493,7066
Chico Santana,,
Chistopher Noer,,
Chloe LeGrow,97310,28186
Chris Aquino,56604,
Chris Arzaga,,
Chris Borgstadt,65871,8556
Chris Bronson,25523,19716
Chris Calloway,,
Chris Chinn,29083,931
Chris Cremer,137665,46540
Chris Harrington,47239,18879
Chris Kimbrough,38327,
Chris Miles,54195,
Chris Morris-lent,41612,
Chris Mullen,66275,18261
Chris Nissen,,
Chris Noerr,,
Chris Page,35480,
Chris Shea,,
Chris Tinney,45438,6553
Chris Vela,66401,19717
Christel Macabeo,21539,
Christian Ines,,
Christine Gent,50036,
Christopher Daniels,95948,16678
Christopher Davis,118314,42577
Christopher Lanphear,109603,
Christopher Sadowski,59949,
Chryste Ferrara,80076,14647
CJ Frederick,,
CJ Holmes,,
CJ Watson,,
Claire Burke,33169,7379
Clare Green,64150,22703
Clay Shelton,97540,22613
Clay Vondra,78634,14710
Clayton Baber,83021,
Clayton Brumbaugh,,
Clayton Coffman,83361,20774
Clayton Malcom,,
Clayton Michael,50374,
Clayton Stetz,27503,2289
Clinton Peterson,49082,3788
Coby Gaurin,,41220
Cody Jones,,32774
Coleman stoll,,
Colin Avrech,50373,
Colin Clark,,
Colin Curfman,138959,
Colin Haney,78983,19986
Colin O'Keefe,75072,7002
Colin Urban,14499,4086
Colleen Schroht,43581,
Collin Walker,,
Colton Christensen,,
Connor Macheras,66139,11705
Connor Stowe,30828,685
Connor Vermeys,39832,21948
Conrad Gains,,
Corbin Sheffels,21493,4189
Corbin Stratton,,
Corey Barreras,45715,
Corey Klier,56657,11885
Corey Turley,78514,
Cory Diamonds,91978,23144
Cory Lampe,72860,11595
Cory Moormeier,15562,
Courtney Ware,,
Courtney Zeller,86948,21331
Craig Cainkar,58391,10012
Craig Easson,70043,10593
Craig Gary,97081,
Craig Geaschel,75289,12775
Craig R Jones,63076,
Craig Sherbahn,,
Craigo gray,,
Cristian Pecile,,
Croix Frigo,,
Crystal Ambrose,,
Curtis Granger,92061,24586
Dain Byquist,,
Dakota Green,42221,
Dakota Von,,
Dakota Warden,95724,24480
Damon LaPoint,,
Dan Atchison,,
Dan Baumfeld,,
Dan Corcoran,12804,38856
Dan Crakes,22603,
Dan Crowdus,41196,
Dan Danger,15561,
Dan Doherty,71532,
Dan Gillespie,,
Dan McLane,41600,2267
Dana Harper,131515,
Danae Hackett,36832,18026
Dane Hjeresen,73573,11829
Daniel Anthony,89390,33281
Daniel Belarmino,95207,
Daniel Marino,,
Daniel Mays,64896,15643
Daniel Miller WA,30016,
Daniel Plaisted,22636,
Daniel Reddin,39585,3087
Daniel Romo,107130,26164
Daniel Rone,13855,1190
Daniel Scott Clark,37391,
Daniel Trobare,60629,6526
Danielle Crowson,31959,4162
Danielle Wilcox,51575,5317
Danny Fair,,
Danny Linh,95725,31962
Danny Rashid,20712,
Darick Ty,,
Darin Lange,41585,3733
Daron Coull,59556,7993
Darryl Tillman,,
Dave Bush,58758,
Dave Dimoff,5500,32852
Dave Kane,63699,9724
Dave Lerner,,
Dave Mealy,81409,
Dave Ritter,45164,
Dave Stewart,54,17
Davey Jones,,
David Adams,126470,41456
David Chernicoff,42658,13145
David Donner,40425,
David Griffin,41500,
David Johnson,117011,
David Johnston US,60588,6374
David Latimer,12001,3721
David Morell,8473,
David Palen,,
David Rauschenberg,23614,3906
David Tate,,
David Teichner,,
David Weil,52495,
Dawnda Durbin,55991,7407
Daysha Gunther,56095,
Dean Shivers,67622,
Deborah Torrison,,
Demarus Sandlin,72654,
Demarus Tevuk,79056,
Dennis Ayres,24659,13132
Denton Dickson,84246,18202
Derek Lee,39967,
Derek Miazga,24789,4466
Derek Muertos,73628,15290
Derek Neal,52533,27318
Derek Simmons,75650,
Derek Tropf,,
Derrick Downing,87459,
Devan Bland,63673,7531
Devon Lamoreaux,117616,
Diane Panagiotopoulos,95380,24350
Dianna Dno,,
Dickie Hornaman,45375,9747
Diego Medrano,54256,26731
Dieter Hundt,9667,
Dillon Heath,,
Dina Robinson,107958,33341
Dingo Freid,46367,
Dingo Hilgard,28709,10803
Dj Youngblood,,
DL Salo,17535,5898
Dom Minichiello,,
Dominique Shadduck,47780,37228
Donald Warren,7779,31365
Donna Hucklebee,99814,26163
Donna Ruacho,115960,40480
Donny Passey,,
Donovan Packman,,
Doug Broadbent,61746,
Doug Turney,,
Douglas Hansen,74717,12397
Dr. Frank Sposaro,20058,17470
Drea Berthold,,
Drew Mulkey,34921,10559
Drew Penhollow,,
Duncan Adams,,
Dustin Ryerson,,
Dwayne Collins,33062,7059
Dylan Frazier,118508,
Dylan Higgins,44531,
Dylan Ingham,,
Dylan Reiff,14201,27249
Dylan Snow,56782,7235
Easy Crew,136341,43225
Ed Cendejas,,
Edmund Nash,5503,29067
Elena Wright,83095,18209
Eliot Flannery,107548,29127
Elisa Hogue,132386,44500
Elisabeth Dingivan,,
Elizabeth Gerth,49618,
Ellie Kohler,,
Elliott Johnson,70949,17637
Eloise ELO,40838,19912
Elsa Bonyhadi,102106,
Emerson Gelb,57266,
Emily Beirne,50126,7460
Emily Gibian,54257,
Emily Henshaw,42198,
Emily Hunter WA,,
Emily LaPatra,55026,
Emily Miller,,
Emily Tower,49472,
Emily Young,41142,26886
Emir Turulja,,
Emma Eichhorn,6405,2638
Emma Frost,44906,7909
Emma Hellthaler,,
Eric Bruns,,
Eric Chambers,93638,23809
Eric Csakany,32895,2699
Eric Dushoff,24748,
Eric Eastman,,
Eric Garrison,82616,18073
Eric Hohnstein,35483,
Eric Kotz,25952,
Eric Logan,,
Eric Morales,23997,6642
Eric Ngonevolalath,,
Eric Segraves,,
Eric Torrison,,
Erica Ward,119111,
Erick Dirvanowski,87528,20259
Erick Spaan,114273,34564
Erik Graciosa,17297,6039
Erik Gust,3287,724
Erik McClintock,99046,19068
Erik Rikansrud,80317,33379
Erin Malysa,53444,4441
Erin McAdam,119695,40109
Erin Shadensack,40652,719
Esther Ahronheim,33641,992
Esty Randolph,,
Ethan Johnson,41603,
Eugene Chernov,,
Eva Ngo,61904,
Evan Adkins,34073,22102
Evan Amano,72562,28287
Evan Eckles,71038,23022
Evan Lesh,115703,
Evan Matt,68019,34511
Evan McBride,15560,
Evan O'Brien,,
Evan Seftel,30847,39814
Evan Severson,71930,10934
Evan Williams,26816,995
Evan Zynda,95664,26679
Evelyn Toodlez,,
Fabian Benabente,52531,3500
Fabian Hartmann,90069,21911
Fabian Turcios,83019,24540
Faen Wilde,,
Fernando Pizarro,39581,
Fiona Chiong,54556,9097
Flash Haze,17537,
Forrest Avery,57450,6174
Forrest McIntyre,96100,25245
Foster Cronyn,,
Francis Carr,106293,
Frank Haltom,19491,
Frankie Fingers,79813,
Fred Wilmot,63070,
Freightlin Cox,,
Gabrielle Torrison,,
Gaelen Poage,,
Gage Glupker,123860,39959
Gareth Cody,64346,8040
Garret Croxon,79814,
Garrett Avery,96824,
Garrett Traub,51728,5140
Garrick West,41041,27603
Gary Sabo,,
Gavin Carrol,54608,6909
Geoff Greene,59261,
Geoff Jensen,55402,5351
Geoff Kirby,,
Geoff Simons,16570,2397
George Kent,48187,2701
Gia Simons,90062,
Gilbert Sandejas,30152,9005
Gillian Thomas,,
Glenden Hoyt,60354,8667
Gocelyn Morgado,90010,22399
Gordon Ornelas,3289,
Grace Elaine,96396,
Graham Klym,8644,17433
Graham Newman,49803,6952
Graham Wood,,
Greg Balducci,41037,
Greg DiCarlo,53792,
Greg Dunlap,84,738
Greg Gramenz,53806,
Greg Henak,,
Greg Larson,68484,
Greg Levine,116979,35919
Greg Weiss,,
Grey Ertl,101331,30349
Guadalupe Bryan,60135,12768
Gus Voss,89126,21668
Gustavo Fredrick,,
Haley Mountain,66763,14672
Hank Duhaime,108976,36126
Hannah Brand,40121,27665
Hannah Hatch,17104,3434
Hannah Olsen,7111,
Hannah Schurman,,
Hannah Van Pelt,,
Harley Tiechman,,
Harold Noble,48168,18220
Hayden McCabe,17604,38503
Haylee Morse-Miller,45179,
Hayley Thompson,,
Heather All-Weather,,
Heather Brammer,9597,
Heather Loudon,9142,8723
Heather Shypula,44541,3119
Heather Stevenson OR,65935,
Heather Willott,12716,
Holli Winchell,38399,
Honi Harrison,48095,3121
Hunter Heeke,133564,
Hunter Vogt,95731,32272
Ian Beatson,60093,14673
Ian Duncan,20140,14156
Ian Humphreys,,
Ian Lucas,,
Ian McCann,,
Ian Spicknall,75725,7074
Illirik Smirnov,71037,
Imran Islam,,
Isaac Harney,34115,14993
Isaac Kaplan-Woolner,42014,11175
Isaac Vicknair,,
Isabelle Grams,74308,11760
Ivan Gwynn,34181,
Jackson McComish,84887,18317
Jackson Ryan,53964,4376
Jacob Bevan,47775,
Jacob Emert,,
Jacob Ohman,,
Jacob Ricker,73434,
Jacque Simmons,103866,30470
Jade Callaghan,78301,
Jake Beckerman,,
Jake Cochrane,65873,8800
Jake Hei,50081,12668
Jake Selby,81641,18857
James Blankenship,69626,
James Brown,57265,18486
James Daniels,21270,6826
James Frost-Winn,35952,2706
James Furdell,112,43210
James Gibson,9598,
James Kim,,
James Maltos,,
James Noble,96555,27726
James Orrell,59031,9961
James Pettengill,,
James Pink,94218,
James Thompson,45585,2041
Jamie Edison,79005,14755
Jamie Goldman,,
Jamie Stormbreaker,24907,31515
Jandy Stephens,91105,22663
Janelle Oakley,,
Janet Newman,117618,36041
Janet Owen,49478,
Jaran Jones,70948,11001
Jared Baldridge,39582,587
Jared Bayliss,73752,14904
Jared Gamble,24018,9277
Jared Kramer,5353,33543
Jared Michelman,,
Jared Schmidt,49067,5689
Jaron Sheffield,,
Jarrett Gaddy,6143,1513
Jarrod Job,49094,2179
Jasmijn de Jong,1787,518
Jason Andersen,52550,8124
Jason Bliss,87907,17192
Jason Boekeloo,20141,24557
Jason Borhauer,37639,
Jason Burton,43004,7428
Jason Galginaitis,72848,13872
Jason Hatch,614,9612
Jason Heitt,33168,1523
Jason Holm,,
Jason Lakkeri,,
Jason Lambert WA,,
Jason Lombard,,19954
Jason McLean,33444,14545
Jason Price,52766,11812
Jason Roselander,84147,18907
Jason Trojan,9595,
Jason Uritescu,91223,22844
Jason Yen,,
Jay Hain,,
Jay Marks,64701,9589
Jay Ostby,104150,28849
Jay Salinas,73208,
Jay Sowell,52600,
Jay Sweeney,48097,3585
Jay Waymire,,
JD Hill,91522,
Jeff Adamo,116885,
Jeff Anderson WA,9226,
Jeff Butterfield,85189,
Jeff Debock,14840,7377
Jeff Dewitt,87456,19616
Jeff Dicker,73745,15238
Jeff Dillaman,55787,4795
Jeff Gagnon,711,1098
Jeff Gebhardt,90595,22127
Jeff Hart,24107,764
Jeff Lee OR,14588,633
Jeff Rogers,13383,
Jeff Sanders WA,,
Jeff Sawyer,27226,9802
Jeff Warren WA,84448,
Jeff Welling,86144,26166
Jeff Williams WA,,
Jeffrey McIlvain,,
Jenn Delaney,,
Jenn Urrabazo,,
Jennell Baldwin,95726,
Jenner Huber,77197,
Jennifer Bremerton,96635,28485
Jenny Pickens,87457,20262
Jenny Vidovic,69191,11196
Jered Danielson,91106,22662
Jeremiah Quinn,,
Jeremiah Ratledge,52943,8557
Jeremy Collison,96684,25516
Jeremy Edwards,14503,514
Jeremy Jones,39598,
Jeremy Liteky,32145,
Jerry Duncan,136407,42827
Jerry Rippy,102969,
Jesper Jenner,,
Jess Masnica,,
Jesse Bartolotta,55074,
Jesse Chappelle,19323,
Jesse Fallahi,92487,
Jesse Labbe,49364,3178
Jesse McCoy,88977,
Jesse Mercury,41320,2472
Jesse Mullene,38463,896
Jesse Rinehart,,
Jessica Barron,80559,15575
Jessica Brooke,,
Jessica Dengler,41764,9780
Jessica Hunt,83180,18321
Jessica Rakonza,,
Jessica Savieo,124023,40325
Jessica Yelley,35090,
Jette Chhoun,102911,28733
Jim Edwards,,
Jim Henderson,,
Jim Sivisay,95732,26642
Jim Suplizio,41608,
Jimmie Eiseman,94655,
Jimmy LaRue,120391,33299
Jo DiCarlo,53793,
Jo Fenstermaker,,
Jo Gagliardi,115437,37180
Joanne Leadbetter,85103,
Jocie Hamilton,80024,
Jodine Hatfield,9235,6814
Joe Callaghan,45309,12956
Joe Foley,,
Joe Ricci,56594,
Joe Tortorice,,
Joel Astley,51994,19565
Joel Friedrick,83398,18700
Joey Clark,,
Joey Jay,,
Johan Bernhardtson,27567,10557
John Davenhall,34571,18204
John Garnett,32819,5750
John Hartman,29983,6122
John Hurd OR,59357,
John Jack,,
John Krzemien,,
John Ledeman,,
John Lim,1665,20222
John McAllister,16788,
John McConnell,23425,4408
John Nelson,,
John Orrell,62394,
John Overly,38888,
John Robinson WA,21384,708
John Thatsanavongsa,,
John Tierney,,
John Wilson,58988,15235
JohnNils Olson,43175,
Johnny Hill,58686,12073
Johnny Mayer,1704,
Jon Bell,84547,
Jon Burris,,
Jon Erickson WA,127532,41832
Jon Howard,8892,11037
Jon Jacob,44256,7426
Jon Jow,62400,
Jon Salzman,26374,2269
Jon Shaiman,50869,12214
Jon-Kiefer Bowne,142349,
Jonathan Allen,74645,10724
Jonathan Figueroa,85774,26809
Jonathan Hawthorne,24519,5363
Jonathan Illig,51151,26532
Jonathan Lee,,
Jonathan Navarro,,
Jonathan Vermillion,74887,22522
Jonathan Wall,,
Jordan Semrow,28813,976
Jordan Shankle,95245,24219
Jordan West,83070,19264
Jorge Gonzalez,78861,
Jorge Romero,2094,
Joseph Baca,,
Joseph Salender,8251,7035
Josh Anderson WA,66508,
Josh Bellinghausen,47078,6367
Josh Dupraw,,
Josh Free,,
Josh Hornbaker,35492,895
Josh Kramer,,
Josh Macfarlane,,
Josh Neuens,56085,7224
Josh Orion,131366,
Josh Samson,95638,24966
Josh Schaffner,73744,
Josh Swaney,,
Josh Teodoro,69200,9863
Joshua Barnes,27230,
Joshua Bartlett,25521,758
Joshua Chandler,97369,25757
Joshua DeGarmo,41036,
Joshua Francis,30041,3038
Joshua Simon,66141,13985
Josue Mendez,86318,20284
Joy Nash,,
Joy Ross,,32511
JR DeMartino,63515,
Jul Perri,117927,36869
Jules Langdon,78668,
Julia Simpson,,
Julianne Hassman,114577,31487
Julie Gray,1380,529
Justin Ari,,
Justin Blau,18884,2131
Justin Hugeback,21896,531
Justin Kaping,144716,
Justin Kusar,,
Justina Russo,44242,3465
Kadyn Marshall,93362,23626
Kai Ball,,
Kaitlyn Broxson,91963,
Kaitlyn Yamamoto,,
Kali Banks,99310,30905
Kalli Firestine,104189,
Kane MacAniff,8971,14502
Kara Kaye,94651,
Kara Rhett,,
Kareem Williams,86198,20560
Karen Roggenkamp,97077,36887
Karla Rivers,42222,
Karla Salinas,104427,
Kasey Bond,43520,22454
Kat Martinez,132303,
Katherine Chaos MacLeod,,
Kathleen Greenhaw,13963,
Kathleen Rush,95646,
Kathy DeBoer,53657,8131
Katie Adams,43789,37041
Katie Eichenberger,31811,
Katie Janis,25563,15644
Katie Newman,46696,8819
Katja Rodgers,71949,18234
Katie Viray,116980,35920
Katy Keenan,,
Kay Kay,37557,3990
Kayla Ferguson,,
Kayla Greet,16787,361
Keegan Kelly,,
Keenan Goodall,37362,
Keith Michaud,49530,
Keith Wolfe,6411,
Kellan Kirkland,41039,3128
Kellan Smith,13738,4092
Kelli Goins,47287,2516
Kelly Alexander,71318,
Kelly Davis,,
Kelly Percich,83096,21575
Kelly Phair,45882,2518
Kelly Young,66380,
Kelsie Sherman Hall,48487,11634
Ken Connel,73023,11667
Ken Dean,,
Ken Disbennett,86146,18024
Ken Johnson OR,34178,
Ken Martin,12406,5904
Keni Lev,,
Kenna Amen,,
Kenneth Hall,61738,
Kevin Birrell,8891,618
Kevin Coffey,77261,18585
Kevin Coulton,67967,9243
Kevin Delarosa,,
Kevin Deschenes,103922,29150
Kevin Kelly,55578,
Kevin Lessig,609,8186
Kevin Luecke,,
Kevin Ochsner,114579,
Kevin Rayo,,
Kevin Sangston,,
Kevin Shinn,142346,
Kieonna Ford,60912,6790
Kiki V,102910,29590
Kiko Correa,100072,26248
Kimi Bartram,41047,
Kirk Brandvold,71045,
Kirk Nelson,102967,
Kirk Zehrung,58131,
Kirsten Wohlrab,21132,
Kit Neal,,
Kolby Krie,42216,
Kole Sandborg,86754,
Kordell Roberts,,
Korray Overman,,
Kourtne Kaoss,102107,26205
Kourtney Anderson,96503,
Kris Anthony,,
Krisma Miller,98670,
Krissy Tanaka,,
Kristin Vick,79055,18646
Kyel Woodart,,
Kyle Basile,,
Kyle Condell,64149,11582
Kyle Hayden,23435,
Kyle Klages,43731,3914
Kylie Waibel,35662,
L.T. Thompson,,
Lacy Newbold,138988,
Lahna Utterback,,
Landon Cross,83789,19960
Landon Martin WA,45933,10455
Lane Hill,55202,10074
Larry Olson,89001,22299
Lars Rehe,94340,38027
Laura Bodine,42813,6822
Laura Hale,20392,8882
Laura Kirby,117928,
Laurel Brown,,
Lauren Aiello,47061,2574
Lauren Aquino,27227,73
Lauren Johnson,81020,
Lauren Scoville,108760,
Lauren Shepherd,9403,
Lawrence Campbell,52722,
Lawrence Cushman,79070,
Layne Eddy,,
Leah Rue,,
Lee Ford,60260,14335
Leeds Main,,
Lefty Sitaras,26328,
Leif Fleming,,
Lenny Jackson,53107,4252
Leo Gonzalez,58771,
Leonora Choi,,
Leslie J Martin,45514,6004
Leslie Ruckman,47411,4451
Lester Mass,99362,
Levi Dittebrandt,20094,1527
Levi Powell,86552,21829
Lex Albrandt,108542,
Lexi Whittemore,64786,9004
Liberty Ruderman,84449,19269
Lilly Belle,,
Lily Cullee,107807,
Lily Liebich,,
Lina Davidson,56705,
Lina Mooney,65057,11985
Linda Volckening,67984,9459
Lisa Marie,123728,
Lisa Moneypenny,,
Lisa Perkins,54698,
Liz Brotman,101299,27664
Lo Rojas,67072,
Logan Bear,75845,
Logan Manta-Kennedy,46907,43912
Lonnie Carroll,50781,12490
Lonnie Langford,610,3139
Lonut Trestian,,
Lora Keyte,132420,
Loren Martin,92955,24147
Los Rangel,102101,
Louie Hamlett,1646,
Lucas Arias,48190,6827
Lucas Haines,117461,
Lucas Marcolongo,,
Lucas Posey,78039,
Lucy Hoffman,48642,18027
Lui Rangel,102099,38285
Luke Bullert,,
Luke Camarda,19497,25930
Luke West,,
Lyn Cason,47538,
Mack Rote,76421,12653
Mackenzie Meinhordt,53106,
Maddie Bryant,71365,
Maddie Downing,120147,
Madeleine Benz,60796,14138
Madi Duck,,
Madison Masterson,108880,31718
Mae Collin,135518,45593
Maggie Hussey,91186,23028
Maia Williams,,
Maka Honig,3238,1819
Malcolm Roberts,55362,
Man Ray,,
Mandie Moore,38315,
Mandolin Noir,,
Mandy Woodard,85305,19401
Marc Grenley,,
Margo Arana,,
Maria Reidell,70029,13105
Maria Watson,109003,
Mariah Shelley,119110,36897
Marilyn Braighboy,24744,
Marin Alexander,58267,7718
Marisa Figueroa,,
Marisa Fulmer,83098,13618
Marisa McClintock,84081,19059
Marissa Rodriguez,132327,44490
Mark Daddy,63669,10219
Mark Demmel,49098,3482
Mark Falkey,,
Mark Freeman,,
Mark Kushino,109958,
Mark Licastro,,
Mark McClure,27323,6315
Mark Ostler,2610,
Mark Rueter,45913,
Mark Williams WA,17702,
Mark Wistrom,45931,39021
Marquesa Newman,,
Marshall Denton,126137,44491
Martin Rivero,56272,6819
Mary Quinn,,
Masando Jensen,64906,8070
Mason Dunbar,98062,31089
Mat Brundage,35921,1118
Mathew Peterson,15407,7530
Matt Anderson WA,23996,21570
Matt Baca,113968,34006
Matt Banderra,,
Matt Beyer,61152,9649
Matt Bollinger,20059,
Matt Cohn,6823,6818
Matt Damon,,
Matt Detisch,,
Matt Galbraith,8893,797
Matt Golden,23040,3242
Matt Greenfield,,
Matt Grunewald,126328,40683
Matt Hamlin,8136,
Matt Heilman,,
Matt Karvonen,113223,34126
Matt Korsmoe,109114,13413
Matt Lauro,19324,5385
Matt Liskom,39704,26025
Matt Metzger,66552,11278
Matt Phillips,,
Matt Picurro,,
Matt Ramey,109957,32357
Matt Salmon,40843,
Matt Sarnoff,14890,
Matt Slater,40883,12045
Matt St. Hubin,,
Matt Strzelecki,83185,18203
Matt Watts,23896,
Matt Wolfe,16574,
Matt Yates,,
Matt Zulak,,
Matthew Dane Anderson,110808,32334
Matthew Ellis,9363,
Matthew Greene,83183,18724
Matthew Harjo,87762,20738
Matthew Kimball,73690,
Matthew Levi Tate,40885,
Matthew Puvogel,18283,
Matthew Roggenkamp,85306,17561
Matthew Sherwood,87450,20263
Matthew Weller,96016,27778
Mattie Stephens,94311,24352
Maureen Hendrix,48099,6268
Max Davidoff,48096,3987
Max Dulaney,117071,
Max Gorbman,132564,
Max Irvine,85106,
Max Levine,53615,38085
Max Stewart,15564,18260
Max Stiles,18829,
Maxine Pauly,,
Megan Cook WA,128179,26133
Megan Czahar,56969,6840
Meghan Keffer,87260,17646
Meghan West,31623,
Mel Robertson,118956,
Melanie Howard,,
Melanie Meyer WA,94273,14086
Melena DeLeon,78370,
Melissa Hartman,29136,4034
Melissa Jong,24793,
Melissa Miller,54853,
Meral Husnein,,
Mercy O'Malley,,
Meredith Ready,,
Mia Shaughnessy,,
Micah Krecklow,123754,
Michael Adcock,30396,476
Michael B Bailey,43275,2060
Michael Darigol,33167,
Michael Fricke,119108,36899
Michael Gray,17400,17400
Michael Helmick,52603,
Michael Jones,35944,742
Michael Miller,7902,2115
Michael Mills,,
Michael Plummer,107586,30747
Michael Rausch,49740,6419
Michael Senff,39906,1657
Michael Serna,92358,23795
Michael Stuart,46873,
Michael Tomber,83182,18316
Michael Ulmen,67966,9303
Michael Warfield,12360,3324
Michael Woods,78863,37245
Michael Wuebker,41374,27424
Michael Zuino,56113,34366
Michaela O'Keefe,101980,
Michelle Dobbs,57032,
Michelle Duskey,50037,
Michelle Jones,41611,8051
Michelle LaGrone,,
Michelle Loprieno,91175,22786
Michelle McDaniel,,
Michelle Pfeiffer,16802,
Mickey Nussbaumer,52145,32829
Miguel Ferry,41046,
Mika Rollin,24011,8740
Mike Corbett WA,21560,
Mike E,24140,
Mike Johnson WA,75785,
Mike Miller,52190,
Mike Morton,61164,
Mike Murphy WA,131447,43718
Mike Norman,7794,
Mike Pantoliano,22995,759
Mike Poetzel,1687,
Mike Smith PDX,7904,15794
Mike Wolff,38895,17565
Mikkel Nielsen WA,83618,19006
Milena Molina,75115,
Milton Schell,,
Miranda Ludwig,,
Misha Alexeeff,91871,23211
Mitch Pettijohn,,
Mitchell Aoki,,
Mitchell D. Anderson,7075,22198
MJ Jong,,
MJ Moscola,87870,
MK Walker,63769,8988
Mohamed Sawani,95747,25091
Molly Foster,49477,
Molly McAlpin,,
Monica Pedraza,73627,13592
Monica Thompson,,
Monty Hathaway,83522,
Morgan Harmon,64748,13865
Morgan Verburg,80951,
M Randall,,
Nam Nguyen,,
Nan Nguyen,,
Natalie Doerning,74766,
Natalie Jackson,16061,22448
Natasha Boyde,,14766
Nate Cantor,34117,14199
Nate Carter,67248,11494
Nate Dominguez,51832,
Nate Dwyer,,
Nate Pierce,84222,28553
Nate Reha,101979,27683
Nate Sloat,85277,
Nate Tompkins,80319,20775
Nathan Krause,44839,
Nathan Mann,84155,
Nathan Martin,60971,17636
Nathan Paine,,
Nathan Saritzky,,
Nathan Stellhorn,10190,50
Nausicaa Warner,90525,
Neal Joslyn,44634,3190
Neil Chakravarty,120385,
Neil Kanungo,,
Neil Kubath,42483,1506
Neil Loomis,126782,41969
Neil Oney,49363,5049
Nell Rose,83519,18757
Nestor Rocha,115121,35417
Nic Cope,,22577
Nic Crowson,31961,763
NichoCD,99563,40635
Nicholas Jimenez,,
Nicholas Kuffel,,
Nicholas Utke,,
Nicholette Autio,80320,35382
Nick Bates-Benitez,69196,23086
Nick Delehanty,35656,8025
Nick Droz,,
Nick Farber,128167,42549
Nick Filer,120390,
Nick Gibson,39078,3166
Nick Koehler,45716,
Nick Lindsay,73742,15703
Nick Pernisco,41581,807
Nick Ptacek,,
Nick Taseris,13577,21973
Nick Wold,48830,6778
Nico Brenni,85081,19345
Nicole Bailar,,
Nicole Carter,,
Nicole Gates,47467,3445
Nicole Svoboda,,
Nicolette Biskamp,55080,12100
Nif Ward,53621,4333
Nigel Colbert,1698,2809
Nik Sear,64560,8050
Nikki Davis,57867,
Nikolai Shere,84888,12038
Nina Ricciardi,21367,
Nixurfix,,
Noah Perkins,46331,
Noriko Ho,,
Nycole Hyatt,3271,4334
Oliver Kohut,56658,
Olivia Bourgeois,87454,28010
Olivia Orni,110359,
Ollyver Slinks,93187,30685
Oscar Herrera,126327,
Oscar Torres,83402,
Owen Weyland,16789,33371
Paige Roesler,113010,37961
Palmer Balmer,,
Parker Lewis,,
Pat Salembier,69544,34766
Pat Wajda,,
Patrick DeGiovanni,58789,
Patrick Law,37357,
Patrick May,48646,
Patrick Moening,,
Patrick Tewson,,
Patrick Wees,93361,29339
Patrick Willis,104876,27904
Paul Fraser,,
Paul Groth,99364,
Paul Irvine,72811,
Paul Levy,6828,35942
Paul Richards,,
Paul Robertson,46101,14943
Paul Schaffer,21469,10792
Paul White WA,17394,5387
Paul Williams WA,17701,1776
Peter Gapinski,,
Peter Hon,,
Peter Olive,34399,
Peter Schatzer,25955,6471
Peyton Conrad,120351,41888
Phil Dodt,57702,
Phil Harmonic,24007,
Phil Piwonka,10819,3260
Philip Joupperi,49952,3603
Philip Pinette,16302,17247
Philippe Siruno,99622,
Phillip Dodt,57702,7821
Pierre Boulay,,
Plastik Yarbrough,,
Pony Hurlbert,35217,
Preston McCuistion,89504,
Quin Kennedy,91224,32853
Quinn Copal,,
Quinn Richter,,
Quinn Thomas,107809,34427
Rachel Farr,88074,20960
Rachel Helm,22822,
Rachel Jarvis,96556,
Rachel Kahalekulu,60630,6646
Rachel Kroft,103052,
Rachel Shere,,
Rachel Stack,77673,
Rachelle Clausen,53337,8284
Ramsey Sierra,19493,2025
Randall Olson,35157,
Randi Aiken,,
Randy Chung,25463,
Randy Huynh,42480,38032
Raymond Davidson,2576,3323
Rebecca Diamant,,
Rebecca Guthrie,,
Rebecca McDaniel,60169,
Rebecca Sebastian,52425,
Rebekah Macneil,87262,20431
Reed Vasey,,
Ren Logan,54117,8214
Rene Munoz,,
Renee Hwang,,
Reno Garza,,
Renzo Saunders,,
Rex Ray,33179,
Rhett Pearson,30042,31425
Richard Mosley,68726,14111
Richard Pugh,48188,
Richard Scott,33171,6893
Richard Thoma,83774,18155
Richie Terry,41582,765
Rick Abruzzo,100830,27622
Rick French,60096,35232
Rick Simpson,44243,6510
Rick Weber,62116,
Ricky Jurey,,
Rigoberto Albor,90727,
Rinalldo Robinson,141343,
Rita Perez,50073,
River Flanary,47545,
RJ Grissom,89128,11197
Ro Chelle,65391,
Rob Atlas,21369,
Rob Homan WA,121061,28826
Rob Iggulden,37550,13595
Rob Lincoln,,
Robbie Finnigan,36802,3563
Robert Islas,93970,24203
Robert Manyon,,
Robert Mitchell,139507,38898
Robert Rowland,91962,
Robert Spicknall,,
Robin Eastman,50327,
Robin Miller,125899,
Robin Moore,26409,3147
Robyn Houseworth,123540,39876
Rodney Olsen,2599,37911
Rohan Arora,,
Rolo Carey,119109,37285
Ron Hudson,,
Roni Darko,30848,
Ronnie Vanwormer,30154,
Rose Spain,,
Roy Tu,92913,
Ryan Borras,68116,
Ryan Buma,115654,
Ryan Eakes,83184,22691
Ryan Henak,53620,
Ryan Hess,22573,160
Ryan Hocket,,
Ryan Loftus,90049,29007
Ryan Malone,,
Ryan McMillan,,
Ryan Newstrum,33031,3421
Ryan Odonnell CA,47679,4747
Ryan Penrod,51823,
Ryan Ramsey,,
Ryan Slanicka,103930,28800
Ryan Tamm,89127,20230
Ryan Tupper,52563,10607
Ryan Wheeler,,
Ryan Winslow,84036,19224
Ryker Van Doren,,
Sagel Frazier,6837,632
Sam Atlas,20534,642
Sam Bury,60884,6558
Sam Gross,,
Sam Lund,79768,
Sam Muchongwe,,
Sam Snyder,29143,21435
Sam Stiles,21061,19614
Sam Wiedmann,92060,24000
Samantha Craig,,
Samantha Meyers,64878,10247
Sandy Fillman,11235,
Sandy Magallanes,40794,4253
Sara Morrison,83788,19961
Sara Urban,34849,12722
Sarah Bay,82543,20705
Sarah Briggs,112354,
Sarah Cecilia,,
Sarah Hager,52617,5568
Sarah Ledray,44231,6820
Sarah Muir,71948,
Sarah Munden,91870,33370
Sarah Spurr,,
Sasha Frenkel,68802,
Scott Benoit,57215,21815
Scott Clark,71044,
Scott Helgason,80950,14266
Scott Kelly,86194,20264
Scott Kulick,69197,
Scott Lee WA,130472,44293
Scott MacLeod,,
Scott Meneley,,
Scott Vermeys,36350,
Scotty Boyd,,
Sean Allen,,
Sean Bray,117613,
Sean Carlson,22839,
Sean Cunningham,78307,19298
Sean David,,
Sean Detore,4786,
Sean Gallagher,52792,
Sean Irby,49529,11162
Sean Keyes,80949,
Sean Maloney,,
Sean Mcdonald WA,34371,3310
Sean Shypula,44544,1716
Sebastian Jennings,129588,43304
Sergey Posrednikov,9141,2133
Seth Porges,9072,711
Seton FitzMacken,,
Shamir Shummee,,
Shane Hassman,116817,
Shannon Williams,45066,
Shaun Crumb,92740,23872
Shawn Chamberlain,24015,
Shawn Lass,,
Shawn Mandel,87458,20561
Shawn Mecklenburg,,
Shawna Bird,,
Shawnna Kenney,69195,15515
Shelby Ostergard,89327,
Shelly Farnham,,
Sherae Lascelles,60900,
Sherry Smith,1710,28013
Shirley Recinos,104241,32717
Sicily Robinson,,
Sid Miner,47266,
Siera Lester,,
Simon Cardoza,59950,
Simon Short,,
Skye Fleming,56775,4336
Skyler Herrmann,,
Sofia Kessler,,
Sofia Vargas,103862,
Sophia Brooks,69623,22946
Sophie Spickard,25650,2132
Spencer Anderson,140651,
Spencer Boyer,,
Stacy Wilson OLD,42233,
Star Bjorge,70512,20679
Stefan Novak,39736,12661
Steph Hanlon,40884,7064
Stephanie Davidson,48333,12015
Stephanie Sposaro,39457,
Stephanie Traub,48800,3146
Stephen Brundle,,
Stephen Chism,,
Stephen Donaldson,20047,6535
Stephen Rakonza,43772,5567
Stephen Rarick,48191,
Steve Bond,13044,22452
Steve Geluso,102103,18704
Steve Hedback,96777,
Steven Ackley,2585,15697
Steven Brewer,44631,
Steven Mendez,54914,5421
Stewart Monks,28714,
Stewart Smith,,
Stuart Young,38325,
Suellen Menegat,117008,
Susanne Walter,,
Sylvia King,67746,
Taylor Farris,76305,36263
Taylor Minter,31725,1709
Ted Lasseter,18702,5204
Tenee Brockington,33061,
Terrence Vaccaro,24208,
Terry Himelstein,,
Tessi Brumley,85115,21300
Thom Geibel,46897,
Thomas Davies,35218,
Thomas Urban,19673,1191
Tido Ostergaard,,
Tim Barter,50457,10574
Tim Collins,49080,4007
Tim Deasis,110571,
Tim McCool,39188,5322
Tim Rishor,16801,
Tim Sassafrass,,
Tim Tournay,4139,2750
Tim Trendall,,
Tim Uomoto,36803,8345
Timm Shere,43627,3045
Timothy Kitchen,58059,
Tino Stivaros,69036,30247
Tis Lais,47379,22841
TJ Denne,,
Todd Brian,,
Todd Brown,84315,
Todd Larsen,39139,7518
Todd Rafacz,19478,1372
Tom Baisden,87452,31557
Tom Kanyok,97822,26724
Tom Leahy,,
Tom Pirie,45719,5005
Tom Walsh WA,71034,10102
Tomar Schell,54850,7895
Tomas Rivarola,,
Tommy Schessler,62717,7417
Tony Bacus,14390,5023
Tony Balandiuk,122525,
Tony Mitchum,21365,
Tony Ryder,,
Travis Echert,5977,
Travis Grimes,30395,
Travis Johnson,46154,27830
Travis Maisch,24525,687
Travis Sturgill-Trahan,130015,
Tre Dauenhauer,132385,41196
Tressa Points,42481,28968
Trevor Leonard,109017,
Trina Wheatley,57385,5533
Trish Jonas,,
Tristan Mott,51863,
Tristan Ward,,
Tyda Chhaysy,60441,
Tyler Albery,83023,
Tyler Baggenstos,,
Tyler Dellinger,51278,
Tyler Esselstrom,51833,
Tyler Lingwall,26410,
Tyler Moore,34418,
Tyler Morgan,49667,4145
Tyler Vane,72849,
Umboon Moore,43204,3994
Val Gaifoulline,83777,17659
Valentina Addabbo,,
Vanessa Ish,52614,6912
Vanessa Mossop,63687,8930
Vanessa Roraus,90047,
Vic Pitre,71043,24964
Victor Andersen,47668,17953
Victor Shergill,38464,
Victoria Duvalko,106367,26445
Victoria Satterfield,76183,
Vincent Bleiweis,,
Vincent Sperrazza,47285,3796
Vinnie Brassesco,102102,27776
Wardell Baldwin III,102100,32332
Whitney Davis,,
Whitney Lindaas,52224,13885
Whitney Zissou,33174,
Will Kirkland,41038,26801
Will Russo,36305,20250
Will Shull,,
William Gordon,37360,3479
William Kerney,54441,9508
William Key,,
William Scott Jordan,34108,25914
Xander Jackson,52532,
Yakov Peterson,110373,
Yhoni Keleta,,
Zac Petersen,17127,8739
Zac Seymour,,
Zach Amador,35080,538
Zach Petty,,
Zach Speron,67110,
Zach Weirup,,
Zach Zink,,
Zachary Peeples,83790,20236
Zachary Turner,93154,23584
Zak Geier,88303,21280
Zak Zuvich,113009,
Zeb Virkus,97440,25783
Zeke Gough,66998,6335
Zeke Washington,,
Zoe Ackerman,84144,20344
Zoe Vrabel,5363,65
Zoe Winter,24185,
Zofia Gil,71046,12236
Zolaire Arcade,77731,9950
